date,sales_units
2015-01-01,110
2015-01-02,98
2015-01-03,114
2015-01-04,132
2015-01-05,98
2015-01-06,98
2015-01-07,135
2015-01-08,120
2015-01-09,96
2015-01-10,116
2015-01-11,97
2015-01-12,98
2015-01-13,112
2015-01-14,70
2015-01-15,74
2015-01-16,98
2015-01-17,90
2015-01-18,117
2015-01-19,93
2015-01-20,83
2015-01-21,142
2015-01-22,108
2015-01-23,115
2015-01-24,86
2015-01-25,104
2015-01-26,117
2015-01-27,93
2015-01-28,124
2015-01-29,105
2015-01-30,112
2015-01-31,106
2015-02-01,156
2015-02-02,119
2015-02-03,99
2015-02-04,137
2015-02-05,96
2015-02-06,125
2015-02-07,83
2015-02-08,96
2015-02-09,127
2015-02-10,138
2015-02-11,127
2015-02-12,122
2015-02-13,119
2015-02-14,96
2015-02-15,111
2015-02-16,117
2015-02-17,148
2015-02-18,134
2015-02-19,92
2015-02-20,135
2015-02-21,121
2015-02-22,115
2015-02-23,142
2015-02-24,150
2015-02-25,149
2015-02-26,114
2015-02-27,125
2015-02-28,138
2015-03-01,151
2015-03-02,122
2015-03-03,129
2015-03-04,111
2015-03-05,109
2015-03-06,150
2015-03-07,161
2015-03-08,133
2015-03-09,155
2015-03-10,142
2015-03-11,122
2015-03-12,143
2015-03-13,166
2015-03-14,135
2015-03-15,167
2015-03-16,84
2015-03-17,253
2015-03-18,139
2015-03-19,131
2015-03-20,139
2015-03-21,98
2015-03-22,133
2015-03-23,145
2015-03-24,168
2015-03-25,128
2015-03-26,122
2015-03-27,129
2015-03-28,157
2015-03-29,146
2015-03-30,129
2015-03-31,150
2015-04-01,141
2015-04-02,159
2015-04-03,126
2015-04-04,233
2015-04-05,132
2015-04-06,111
2015-04-07,146
2015-04-08,145
2015-04-09,140
2015-04-10,135
2015-04-11,112
2015-04-12,132
2015-04-13,133
2015-04-14,124
2015-04-15,137
2015-04-16,148
2015-04-17,178
2015-04-18,143
2015-04-19,145
2015-04-20,138
2015-04-21,101
2015-04-22,139
2015-04-23,141
2015-04-24,189
2015-04-25,136
2015-04-26,145
2015-04-27,139
2015-04-28,116
2015-04-29,162
2015-04-30,254
2015-05-01,155
2015-05-02,120
2015-05-03,167
2015-05-04,110
2015-05-05,150
2015-05-06,182
2015-05-07,118
2015-05-08,126
2015-05-09,139
2015-05-10,127
2015-05-11,106
2015-05-12,138
2015-05-13,115
2015-05-14,146
2015-05-15,118
2015-05-16,267
2015-05-17,120
2015-05-18,229
2015-05-19,151
2015-05-20,110
2015-05-21,139
2015-05-22,260
2015-05-23,102
2015-05-24,137
2015-05-25,139
2015-05-26,149
2015-05-27,108
2015-05-28,106
2015-05-29,143
2015-05-30,138
2015-05-31,136
2015-06-01,138
2015-06-02,117
2015-06-03,135
2015-06-04,136
2015-06-05,115
2015-06-06,167
2015-06-07,138
2015-06-08,105
2015-06-09,141
2015-06-10,108
2015-06-11,143
2015-06-12,150
2015-06-13,110
2015-06-14,146
2015-06-15,134
2015-06-16,142
2015-06-17,163
2015-06-18,120
2015-06-19,109
2015-06-20,106
2015-06-21,107
2015-06-22,122
2015-06-23,130
2015-06-24,128
2015-06-25,139
2015-06-26,122
2015-06-27,150
2015-06-28,116
2015-06-29,175
2015-06-30,133
2015-07-01,102
2015-07-02,98
2015-07-03,128
2015-07-04,114
2015-07-05,132
2015-07-06,127
2015-07-07,116
2015-07-08,100
2015-07-09,86
2015-07-10,107
2015-07-11,133
2015-07-12,119
2015-07-13,90
2015-07-14,118
2015-07-15,122
2015-07-16,96
2015-07-17,116
2015-07-18,114
2015-07-19,90
2015-07-20,119
2015-07-21,123
2015-07-22,133
2015-07-23,132
2015-07-24,83
2015-07-25,91
2015-07-26,120
2015-07-27,120
2015-07-28,119
2015-07-29,186
2015-07-30,120
2015-07-31,131
2015-08-01,127
2015-08-02,120
2015-08-03,101
2015-08-04,122
2015-08-05,91
2015-08-06,101
2015-08-07,96
2015-08-08,107
2015-08-09,151
2015-08-10,68
2015-08-11,118
2015-08-12,72
2015-08-13,95
2015-08-14,126
2015-08-15,205
2015-08-16,82
2015-08-17,89
2015-08-18,116
2015-08-19,88
2015-08-20,107
2015-08-21,103
2015-08-22,89
2015-08-23,144
2015-08-24,114
2015-08-25,61
2015-08-26,105
2015-08-27,88
2015-08-28,118
2015-08-29,85
2015-08-30,98
2015-08-31,110
2015-09-01,117
2015-09-02,76
2015-09-03,93
2015-09-04,90
2015-09-05,86
2015-09-06,135
2015-09-07,107
2015-09-08,74
2015-09-09,117
2015-09-10,141
2015-09-11,120
2015-09-12,69
2015-09-13,89
2015-09-14,124
2015-09-15,85
2015-09-16,108
2015-09-17,114
2015-09-18,80
2015-09-19,98
2015-09-20,34
2015-09-21,78
2015-09-22,94
2015-09-23,74
2015-09-24,131
2015-09-25,70
2015-09-26,90
2015-09-27,102
2015-09-28,128
2015-09-29,70
2015-09-30,123
2015-10-01,100
2015-10-02,80
2015-10-03,109
2015-10-04,104
2015-10-05,88
2015-10-06,101
2015-10-07,93
2015-10-08,103
2015-10-09,114
2015-10-10,132
2015-10-11,76
2015-10-12,144
2015-10-13,62
2015-10-14,99
2015-10-15,114
2015-10-16,108
2015-10-17,90
2015-10-18,98
2015-10-19,93
2015-10-20,91
2015-10-21,120
2015-10-22,111
2015-10-23,90
2015-10-24,122
2015-10-25,111
2015-10-26,121
2015-10-27,118
2015-10-28,89
2015-10-29,95
2015-10-30,121
2015-10-31,119
2015-11-01,107
2015-11-02,110
2015-11-03,133
2015-11-04,96
2015-11-05,119
2015-11-06,105
2015-11-07,105
2015-11-08,132
2015-11-09,127
2015-11-10,127
2015-11-11,137
2015-11-12,112
2015-11-13,126
2015-11-14,106
2015-11-15,119
2015-11-16,111
2015-11-17,116
2015-11-18,126
2015-11-19,98
2015-11-20,157
2015-11-21,96
2015-11-22,92
2015-11-23,140
2015-11-24,133
2015-11-25,130
2015-11-26,131
2015-11-27,119
2015-11-28,102
2015-11-29,122
2015-11-30,107
2015-12-01,141
2015-12-02,119
2015-12-03,106
2015-12-04,116
2015-12-05,132
2015-12-06,113
2015-12-07,108
2015-12-08,130
2015-12-09,131
2015-12-10,116
2015-12-11,118
2015-12-12,132
2015-12-13,99
2015-12-14,101
2015-12-15,115
2015-12-16,126
2015-12-17,137
2015-12-18,161
2015-12-19,149
2015-12-20,129
2015-12-21,133
2015-12-22,114
2015-12-23,134
2015-12-24,129
2015-12-25,142
2015-12-26,120
2015-12-27,147
2015-12-28,168
2015-12-29,136
2015-12-30,147
2015-12-31,153
2016-01-01,132
2016-01-02,145
2016-01-03,141
2016-01-04,144
2016-01-05,127
2016-01-06,144
2016-01-07,154
2016-01-08,173
2016-01-09,164
2016-01-10,189
2016-01-11,131
2016-01-12,164
2016-01-13,151
2016-01-14,192
2016-01-15,132
2016-01-16,132
2016-01-17,138
2016-01-18,108
2016-01-19,141
2016-01-20,136
2016-01-21,155
2016-01-22,160
2016-01-23,191
2016-01-24,173
2016-01-25,143
2016-01-26,137
2016-01-27,166
2016-01-28,130
2016-01-29,194
2016-01-30,181
2016-01-31,149
2016-02-01,124
2016-02-02,186
2016-02-03,157
2016-02-04,185
2016-02-05,129
2016-02-06,149
2016-02-07,162
2016-02-08,163
2016-02-09,154
2016-02-10,176
2016-02-11,142
2016-02-12,161
2016-02-13,167
2016-02-14,176
2016-02-15,180
2016-02-16,144
2016-02-17,136
2016-02-18,193
2016-02-19,174
2016-02-20,153
2016-02-21,199
2016-02-22,171
2016-02-23,193
2016-02-24,171
2016-02-25,211
2016-02-26,206
2016-02-27,166
2016-02-28,191
2016-02-29,185
2016-03-01,199
2016-03-02,153
2016-03-03,186
2016-03-04,194
2016-03-05,138
2016-03-06,150
2016-03-07,133
2016-03-08,169
2016-03-09,189
2016-03-10,205
2016-03-11,177
2016-03-12,208
2016-03-13,148
2016-03-14,142
2016-03-15,175
2016-03-16,184
2016-03-17,176
2016-03-18,136
2016-03-19,176
2016-03-20,151
2016-03-21,191
2016-03-22,185
2016-03-23,159
2016-03-24,168
2016-03-25,157
2016-03-26,177
2016-03-27,198
2016-03-28,159
2016-03-29,189
2016-03-30,169
2016-03-31,163
2016-04-01,177
2016-04-02,159
2016-04-03,169
2016-04-04,156
2016-04-05,219
2016-04-06,181
2016-04-07,166
2016-04-08,184
2016-04-09,178
2016-04-10,176
2016-04-11,192
2016-04-12,195
2016-04-13,169
2016-04-14,169
2016-04-15,175
2016-04-16,134
2016-04-17,150
2016-04-18,207
2016-04-19,213
2016-04-20,175
2016-04-21,191
2016-04-22,186
2016-04-23,241
2016-04-24,202
2016-04-25,177
2016-04-26,160
2016-04-27,147
2016-04-28,183
2016-04-29,164
2016-04-30,150
2016-05-01,166
2016-05-02,157
2016-05-03,212
2016-05-04,196
2016-05-05,178
2016-05-06,207
2016-05-07,179
2016-05-08,160
2016-05-09,208
2016-05-10,188
2016-05-11,156
2016-05-12,173
2016-05-13,159
2016-05-14,148
2016-05-15,194
2016-05-16,214
2016-05-17,147
2016-05-18,186
2016-05-19,162
2016-05-20,165
2016-05-21,162
2016-05-22,157
2016-05-23,175
2016-05-24,157
2016-05-25,178
2016-05-26,172
2016-05-27,168
2016-05-28,154
2016-05-29,160
2016-05-30,187
2016-05-31,181
2016-06-01,151
2016-06-02,172
2016-06-03,185
2016-06-04,136
2016-06-05,180
2016-06-06,156
2016-06-07,180
2016-06-08,153
2016-06-09,132
2016-06-10,135
2016-06-11,168
2016-06-12,172
2016-06-13,148
2016-06-14,179
2016-06-15,132
2016-06-16,164
2016-06-17,141
2016-06-18,151
2016-06-19,165
2016-06-20,146
2016-06-21,156
2016-06-22,183
2016-06-23,151
2016-06-24,179
2016-06-25,239
2016-06-26,172
2016-06-27,190
2016-06-28,111
2016-06-29,144
2016-06-30,171
2016-07-01,155
2016-07-02,166
2016-07-03,146
2016-07-04,160
2016-07-05,154
2016-07-06,181
2016-07-07,162
2016-07-08,163
2016-07-09,148
2016-07-10,146
2016-07-11,147
2016-07-12,163
2016-07-13,146
2016-07-14,160
2016-07-15,195
2016-07-16,171
2016-07-17,146
2016-07-18,176
2016-07-19,144
2016-07-20,111
2016-07-21,131
2016-07-22,113
2016-07-23,144
2016-07-24,151
2016-07-25,183
2016-07-26,156
2016-07-27,145
2016-07-28,165
2016-07-29,104
2016-07-30,153
2016-07-31,263
2016-08-01,118
2016-08-02,170
2016-08-03,153
2016-08-04,138
2016-08-05,159
2016-08-06,191
2016-08-07,149
2016-08-08,150
2016-08-09,136
2016-08-10,128
2016-08-11,161
2016-08-12,127
2016-08-13,145
2016-08-14,134
2016-08-15,153
2016-08-16,150
2016-08-17,163
2016-08-18,132
2016-08-19,137
2016-08-20,122
2016-08-21,133
2016-08-22,149
2016-08-23,157
2016-08-24,123
2016-08-25,158
2016-08-26,168
2016-08-27,149
2016-08-28,178
2016-08-29,125
2016-08-30,115
2016-08-31,104
2016-09-01,170
2016-09-02,153
2016-09-03,138
2016-09-04,145
2016-09-05,117
2016-09-06,188
2016-09-07,142
2016-09-08,141
2016-09-09,154
2016-09-10,149
2016-09-11,143
2016-09-12,123
2016-09-13,148
2016-09-14,176
2016-09-15,166
2016-09-16,171
2016-09-17,128
2016-09-18,119
2016-09-19,136
2016-09-20,140
2016-09-21,161
2016-09-22,105
2016-09-23,169
2016-09-24,136
2016-09-25,130
2016-09-26,119
2016-09-27,106
2016-09-28,156
2016-09-29,141
2016-09-30,114
2016-10-01,114
2016-10-02,133
2016-10-03,173
2016-10-04,135
2016-10-05,110
2016-10-06,135
2016-10-07,135
2016-10-08,87
2016-10-09,140
2016-10-10,136
2016-10-11,155
2016-10-12,178
2016-10-13,164
2016-10-14,136
2016-10-15,120
2016-10-16,194
2016-10-17,144
2016-10-18,243
2016-10-19,143
2016-10-20,147
2016-10-21,141
2016-10-22,132
2016-10-23,133
2016-10-24,244
2016-10-25,134
2016-10-26,131
2016-10-27,148
2016-10-28,141
2016-10-29,176
2016-10-30,94
2016-10-31,169
2016-11-01,172
2016-11-02,106
2016-11-03,141
2016-11-04,141
2016-11-05,121
2016-11-06,134
2016-11-07,128
2016-11-08,185
2016-11-09,169
2016-11-10,176
2016-11-11,166
2016-11-12,129
2016-11-13,142
2016-11-14,163
2016-11-15,129
2016-11-16,168
2016-11-17,149
2016-11-18,147
2016-11-19,170
2016-11-20,165
2016-11-21,149
2016-11-22,180
2016-11-23,136
2016-11-24,170
2016-11-25,170
2016-11-26,153
2016-11-27,166
2016-11-28,135
2016-11-29,179
2016-11-30,257
2016-12-01,151
2016-12-02,183
2016-12-03,149
2016-12-04,135
2016-12-05,133
2016-12-06,177
2016-12-07,140
2016-12-08,201
2016-12-09,125
2016-12-10,201
2016-12-11,172
2016-12-12,166
2016-12-13,158
2016-12-14,177
2016-12-15,169
2016-12-16,193
2016-12-17,173
2016-12-18,175
2016-12-19,165
2016-12-20,172
2016-12-21,180
2016-12-22,140
2016-12-23,148
2016-12-24,190
2016-12-25,179
2016-12-26,173
2016-12-27,178
2016-12-28,285
2016-12-29,168
2016-12-30,164
2016-12-31,184
2017-01-01,160
2017-01-02,189
2017-01-03,147
2017-01-04,203
2017-01-05,192
2017-01-06,188
2017-01-07,203
2017-01-08,218
2017-01-09,205
2017-01-10,149
2017-01-11,261
2017-01-12,174
2017-01-13,188
2017-01-14,198
2017-01-15,174
2017-01-16,193
2017-01-17,175
2017-01-18,178
2017-01-19,163
2017-01-20,173
2017-01-21,165
2017-01-22,173
2017-01-23,215
2017-01-24,175
2017-01-25,247
2017-01-26,205
2017-01-27,200
2017-01-28,179
2017-01-29,211
2017-01-30,186
2017-01-31,201
2017-02-01,250
2017-02-02,197
2017-02-03,223
2017-02-04,186
2017-02-05,200
2017-02-06,237
2017-02-07,189
2017-02-08,239
2017-02-09,217
2017-02-10,192
2017-02-11,217
2017-02-12,224
2017-02-13,217
2017-02-14,174
2017-02-15,191
2017-02-16,201
2017-02-17,205
2017-02-18,220
2017-02-19,211
2017-02-20,181
2017-02-21,216
2017-02-22,221
2017-02-23,221
2017-02-24,231
2017-02-25,227
2017-02-26,220
2017-02-27,210
2017-02-28,178
2017-03-01,220
2017-03-02,216
2017-03-03,218
2017-03-04,187
2017-03-05,192
2017-03-06,235
2017-03-07,213
2017-03-08,228
2017-03-09,215
2017-03-10,215
2017-03-11,234
2017-03-12,205
2017-03-13,318
2017-03-14,207
2017-03-15,208
2017-03-16,210
2017-03-17,221
2017-03-18,207
2017-03-19,242
2017-03-20,200
2017-03-21,214
2017-03-22,209
2017-03-23,247
2017-03-24,222
2017-03-25,239
2017-03-26,189
2017-03-27,224
2017-03-28,237
2017-03-29,221
2017-03-30,240
2017-03-31,209
2017-04-01,248
2017-04-02,265
2017-04-03,212
2017-04-04,211
2017-04-05,249
2017-04-06,251
2017-04-07,209
2017-04-08,212
2017-04-09,214
2017-04-10,193
2017-04-11,202
2017-04-12,200
2017-04-13,205
2017-04-14,219
2017-04-15,225
2017-04-16,251
2017-04-17,200
2017-04-18,240
2017-04-19,216
2017-04-20,219
2017-04-21,233
2017-04-22,197
2017-04-23,227
2017-04-24,223
2017-04-25,229
2017-04-26,225
2017-04-27,268
2017-04-28,206
2017-04-29,209
2017-04-30,207
2017-05-01,208
2017-05-02,206
2017-05-03,242
2017-05-04,247
2017-05-05,207
2017-05-06,201
2017-05-07,227
2017-05-08,207
2017-05-09,230
2017-05-10,221
2017-05-11,287
2017-05-12,248
2017-05-13,253
2017-05-14,204
2017-05-15,208
2017-05-16,222
2017-05-17,222
2017-05-18,229
2017-05-19,255
2017-05-20,211
2017-05-21,199
2017-05-22,187
2017-05-23,199
2017-05-24,213
2017-05-25,249
2017-05-26,203
2017-05-27,217
2017-05-28,212
2017-05-29,236
2017-05-30,262
2017-05-31,201
2017-06-01,201
2017-06-02,232
2017-06-03,224
2017-06-04,247
2017-06-05,221
2017-06-06,202
2017-06-07,221
2017-06-08,231
2017-06-09,225
2017-06-10,218
2017-06-11,229
2017-06-12,231
2017-06-13,234
2017-06-14,219
2017-06-15,203
2017-06-16,209
2017-06-17,229
2017-06-18,189
2017-06-19,212
2017-06-20,196
2017-06-21,204
2017-06-22,229
2017-06-23,207
2017-06-24,203
2017-06-25,175
2017-06-26,217
2017-06-27,214
2017-06-28,244
2017-06-29,194
2017-06-30,204
2017-07-01,205
2017-07-02,231
2017-07-03,197
2017-07-04,204
2017-07-05,210
2017-07-06,201
2017-07-07,188
2017-07-08,201
2017-07-09,218
2017-07-10,176
2017-07-11,198
2017-07-12,181
2017-07-13,219
2017-07-14,164
2017-07-15,183
2017-07-16,201
2017-07-17,225
2017-07-18,192
2017-07-19,181
2017-07-20,230
2017-07-21,163
2017-07-22,147
2017-07-23,200
2017-07-24,181
2017-07-25,170
2017-07-26,304
2017-07-27,194
2017-07-28,178
2017-07-29,163
2017-07-30,206
2017-07-31,201
2017-08-01,186
2017-08-02,224
2017-08-03,166
2017-08-04,156
2017-08-05,173
2017-08-06,185
2017-08-07,191
2017-08-08,181
2017-08-09,192
2017-08-10,160
2017-08-11,314
2017-08-12,183
2017-08-13,206
2017-08-14,191
2017-08-15,193
2017-08-16,195
2017-08-17,192
2017-08-18,196
2017-08-19,209
2017-08-20,186
2017-08-21,196
2017-08-22,180
2017-08-23,210
2017-08-24,168
2017-08-25,217
2017-08-26,180
2017-08-27,152
2017-08-28,183
2017-08-29,167
2017-08-30,197
2017-08-31,167
2017-09-01,171
2017-09-02,142
2017-09-03,171
2017-09-04,131
2017-09-05,148
2017-09-06,195
2017-09-07,195
2017-09-08,188
2017-09-09,160
2017-09-10,178
2017-09-11,179
2017-09-12,156
2017-09-13,209
2017-09-14,196
2017-09-15,174
2017-09-16,179
2017-09-17,183
2017-09-18,138
2017-09-19,174
2017-09-20,165
2017-09-21,159
2017-09-22,173
2017-09-23,215
2017-09-24,192
2017-09-25,168
2017-09-26,190
2017-09-27,207
2017-09-28,198
2017-09-29,180
2017-09-30,166
2017-10-01,193
2017-10-02,187
2017-10-03,198
2017-10-04,193
2017-10-05,201
2017-10-06,169
2017-10-07,207
2017-10-08,184
2017-10-09,222
2017-10-10,167
2017-10-11,216
2017-10-12,185
2017-10-13,168
2017-10-14,172
2017-10-15,175
2017-10-16,191
2017-10-17,193
2017-10-18,171
2017-10-19,182
2017-10-20,226
2017-10-21,218
2017-10-22,192
2017-10-23,185
2017-10-24,187
2017-10-25,197
2017-10-26,164
2017-10-27,180
2017-10-28,152
2017-10-29,194
2017-10-30,199
2017-10-31,177
2017-11-01,218
2017-11-02,163
2017-11-03,158
2017-11-04,193
2017-11-05,210
2017-11-06,223
2017-11-07,180
2017-11-08,211
2017-11-09,189
2017-11-10,187
2017-11-11,209
2017-11-12,205
2017-11-13,160
2017-11-14,222
2017-11-15,221
2017-11-16,181
2017-11-17,202
2017-11-18,204
2017-11-19,200
2017-11-20,184
2017-11-21,182
2017-11-22,196
2017-11-23,220
2017-11-24,208
2017-11-25,191
2017-11-26,214
2017-11-27,142
2017-11-28,223
2017-11-29,165
2017-11-30,193
2017-12-01,179
2017-12-02,176
2017-12-03,226
2017-12-04,194
2017-12-05,210
2017-12-06,203
2017-12-07,214
2017-12-08,207
2017-12-09,180
2017-12-10,326
2017-12-11,197
2017-12-12,176
2017-12-13,200
2017-12-14,239
2017-12-15,226
2017-12-16,203
2017-12-17,204
2017-12-18,205
2017-12-19,253
2017-12-20,220
2017-12-21,222
2017-12-22,234
2017-12-23,219
2017-12-24,210
2017-12-25,212
2017-12-26,215
2017-12-27,216
2017-12-28,232
2017-12-29,219
2017-12-30,233
2017-12-31,218
2018-01-01,222
2018-01-02,181
2018-01-03,240
2018-01-04,229
2018-01-05,242
2018-01-06,165
2018-01-07,266
2018-01-08,222
2018-01-09,247
2018-01-10,205
2018-01-11,239
2018-01-12,206
2018-01-13,215
2018-01-14,266
2018-01-15,225
2018-01-16,234
2018-01-17,247
2018-01-18,240
2018-01-19,234
2018-01-20,239
2018-01-21,280
2018-01-22,232
2018-01-23,238
2018-01-24,355
2018-01-25,257
2018-01-26,259
2018-01-27,249
2018-01-28,214
2018-01-29,370
2018-01-30,215
2018-01-31,244
2018-02-01,224
2018-02-02,238
2018-02-03,246
2018-02-04,247
2018-02-05,249
2018-02-06,274
2018-02-07,251
2018-02-08,237
2018-02-09,262
2018-02-10,267
2018-02-11,219
2018-02-12,256
2018-02-13,259
2018-02-14,239
2018-02-15,273
2018-02-16,243
2018-02-17,249
2018-02-18,244
2018-02-19,248
2018-02-20,226
2018-02-21,220
2018-02-22,281
2018-02-23,232
2018-02-24,230
2018-02-25,207
2018-02-26,238
2018-02-27,224
2018-02-28,284
2018-03-01,272
2018-03-02,238
2018-03-03,298
2018-03-04,272
2018-03-05,247
2018-03-06,204
2018-03-07,300
2018-03-08,226
2018-03-09,222
2018-03-10,375
2018-03-11,304
2018-03-12,283
2018-03-13,267
2018-03-14,268
2018-03-15,273
2018-03-16,272
2018-03-17,262
2018-03-18,259
2018-03-19,256
2018-03-20,242
2018-03-21,252
2018-03-22,224
2018-03-23,256
2018-03-24,238
2018-03-25,236
2018-03-26,262
2018-03-27,287
2018-03-28,277
2018-03-29,328
2018-03-30,239
2018-03-31,278
2018-04-01,240
2018-04-02,355
2018-04-03,271
2018-04-04,240
2018-04-05,262
2018-04-06,233
2018-04-07,248
2018-04-08,266
2018-04-09,228
2018-04-10,269
2018-04-11,260
2018-04-12,271
2018-04-13,265
2018-04-14,287
2018-04-15,263
2018-04-16,251
2018-04-17,262
2018-04-18,271
2018-04-19,261
2018-04-20,261
2018-04-21,346
2018-04-22,247
2018-04-23,232
2018-04-24,295
2018-04-25,235
2018-04-26,246
2018-04-27,245
2018-04-28,277
2018-04-29,253
2018-04-30,284
2018-05-01,245
2018-05-02,264
2018-05-03,242
2018-05-04,301
2018-05-05,234
2018-05-06,264
2018-05-07,271
2018-05-08,266
2018-05-09,254
2018-05-10,255
2018-05-11,258
2018-05-12,254
2018-05-13,276
2018-05-14,301
2018-05-15,245
2018-05-16,228
2018-05-17,254
2018-05-18,307
2018-05-19,239
2018-05-20,288
2018-05-21,288
2018-05-22,243
2018-05-23,265
2018-05-24,286
2018-05-25,246
2018-05-26,249
2018-05-27,241
2018-05-28,232
2018-05-29,239
2018-05-30,227
2018-05-31,252
2018-06-01,236
2018-06-02,255
2018-06-03,219
2018-06-04,257
2018-06-05,266
2018-06-06,210
2018-06-07,257
2018-06-08,273
2018-06-09,224
2018-06-10,281
2018-06-11,256
2018-06-12,233
2018-06-13,346
2018-06-14,258
2018-06-15,248
2018-06-16,256
2018-06-17,227
2018-06-18,248
2018-06-19,216
2018-06-20,242
2018-06-21,226
2018-06-22,229
2018-06-23,268
2018-06-24,264
2018-06-25,254
2018-06-26,220
2018-06-27,235
2018-06-28,265
2018-06-29,243
2018-06-30,286
2018-07-01,248
2018-07-02,243
2018-07-03,233
2018-07-04,241
2018-07-05,235
2018-07-06,252
2018-07-07,256
2018-07-08,221
2018-07-09,210
2018-07-10,199
2018-07-11,246
2018-07-12,213
2018-07-13,192
2018-07-14,242
2018-07-15,284
2018-07-16,334
2018-07-17,250
2018-07-18,234
2018-07-19,230
2018-07-20,250
2018-07-21,226
2018-07-22,237
2018-07-23,237
2018-07-24,217
2018-07-25,250
2018-07-26,226
2018-07-27,214
2018-07-28,240
2018-07-29,211
2018-07-30,229
2018-07-31,228
2018-08-01,249
2018-08-02,337
2018-08-03,227
2018-08-04,243
2018-08-05,254
2018-08-06,237
2018-08-07,226
2018-08-08,199
2018-08-09,204
2018-08-10,219
2018-08-11,212
2018-08-12,221
2018-08-13,225
2018-08-14,234
2018-08-15,222
2018-08-16,233
2018-08-17,224
2018-08-18,183
2018-08-19,204
2018-08-20,219
2018-08-21,198
2018-08-22,234
2018-08-23,252
2018-08-24,246
2018-08-25,217
2018-08-26,251
2018-08-27,224
2018-08-28,214
2018-08-29,208
2018-08-30,214
2018-08-31,212
2018-09-01,223
2018-09-02,223
2018-09-03,220
2018-09-04,228
2018-09-05,243
2018-09-06,238
2018-09-07,190
2018-09-08,168
2018-09-09,238
2018-09-10,192
2018-09-11,214
2018-09-12,195
2018-09-13,183
2018-09-14,230
2018-09-15,234
2018-09-16,207
2018-09-17,167
2018-09-18,208
2018-09-19,227
2018-09-20,189
2018-09-21,222
2018-09-22,218
2018-09-23,230
2018-09-24,221
2018-09-25,199
2018-09-26,243
2018-09-27,216
2018-09-28,219
2018-09-29,201
2018-09-30,210
2018-10-01,202
2018-10-02,216
2018-10-03,254
2018-10-04,192
2018-10-05,188
2018-10-06,249
2018-10-07,216
2018-10-08,207
2018-10-09,241
2018-10-10,209
2018-10-11,257
2018-10-12,235
2018-10-13,212
2018-10-14,265
2018-10-15,210
2018-10-16,237
2018-10-17,228
2018-10-18,249
2018-10-19,254
2018-10-20,224
2018-10-21,208
2018-10-22,233
2018-10-23,210
2018-10-24,265
2018-10-25,227
2018-10-26,218
2018-10-27,229
2018-10-28,199
2018-10-29,206
2018-10-30,250
2018-10-31,213
2018-11-01,206
2018-11-02,238
2018-11-03,251
2018-11-04,243
2018-11-05,248
2018-11-06,214
2018-11-07,201
2018-11-08,260
2018-11-09,224
2018-11-10,226
2018-11-11,258
2018-11-12,243
2018-11-13,241
2018-11-14,276
2018-11-15,220
2018-11-16,252
2018-11-17,235
2018-11-18,240
2018-11-19,265
2018-11-20,245
2018-11-21,247
2018-11-22,258
2018-11-23,230
2018-11-24,221
2018-11-25,217
2018-11-26,199
2018-11-27,280
2018-11-28,217
2018-11-29,236
2018-11-30,235
2018-12-01,247
2018-12-02,258
2018-12-03,260
2018-12-04,231
2018-12-05,240
2018-12-06,250
2018-12-07,240
2018-12-08,277
2018-12-09,256
2018-12-10,261
2018-12-11,260
2018-12-12,271
2018-12-13,252
2018-12-14,223
2018-12-15,257
2018-12-16,237
2018-12-17,240
2018-12-18,263
2018-12-19,277
2018-12-20,253
2018-12-21,259
2018-12-22,288
2018-12-23,259
2018-12-24,307
2018-12-25,267
2018-12-26,221
2018-12-27,272
2018-12-28,265
2018-12-29,284
2018-12-30,272
2018-12-31,256
2019-01-01,236
2019-01-02,256
2019-01-03,244
2019-01-04,250
2019-01-05,274
2019-01-06,297
2019-01-07,272
2019-01-08,240
2019-01-09,274
2019-01-10,290
2019-01-11,254
2019-01-12,264
2019-01-13,268
2019-01-14,252
2019-01-15,282
2019-01-16,267
2019-01-17,278
2019-01-18,253
2019-01-19,262
2019-01-20,286
2019-01-21,265
2019-01-22,307
2019-01-23,265
2019-01-24,279
2019-01-25,293
2019-01-26,247
2019-01-27,241
2019-01-28,246
2019-01-29,302
2019-01-30,266
2019-01-31,329
2019-02-01,267
2019-02-02,383
2019-02-03,310
2019-02-04,320
2019-02-05,322
2019-02-06,305
2019-02-07,302
2019-02-08,394
2019-02-09,298
2019-02-10,272
2019-02-11,267
2019-02-12,284
2019-02-13,281
2019-02-14,276
2019-02-15,300
2019-02-16,305
2019-02-17,288
2019-02-18,317
2019-02-19,265
2019-02-20,284
2019-02-21,274
2019-02-22,252
2019-02-23,288
2019-02-24,287
2019-02-25,320
2019-02-26,303
2019-02-27,270
2019-02-28,328
2019-03-01,316
2019-03-02,304
2019-03-03,288
2019-03-04,274
2019-03-05,286
2019-03-06,315
2019-03-07,331
2019-03-08,325
2019-03-09,285
2019-03-10,272
2019-03-11,298
2019-03-12,260
2019-03-13,302
2019-03-14,293
2019-03-15,287
2019-03-16,265
2019-03-17,307
2019-03-18,286
2019-03-19,274
2019-03-20,240
2019-03-21,297
2019-03-22,333
2019-03-23,331
2019-03-24,389
2019-03-25,286
2019-03-26,308
2019-03-27,279
2019-03-28,305
2019-03-29,314
2019-03-30,324
2019-03-31,297
2019-04-01,295
2019-04-02,282
2019-04-03,283
2019-04-04,295
2019-04-05,307
2019-04-06,318
2019-04-07,284
2019-04-08,330
2019-04-09,295
2019-04-10,300
2019-04-11,285
2019-04-12,252
2019-04-13,318
2019-04-14,315
2019-04-15,294
2019-04-16,301
2019-04-17,310
2019-04-18,269
2019-04-19,289
2019-04-20,316
2019-04-21,275
2019-04-22,306
2019-04-23,273
2019-04-24,309
2019-04-25,299
2019-04-26,267
2019-04-27,323
2019-04-28,284
2019-04-29,283
2019-04-30,303
2019-05-01,322
2019-05-02,278
2019-05-03,300
2019-05-04,307
2019-05-05,312
2019-05-06,302
2019-05-07,290
2019-05-08,281
2019-05-09,299
2019-05-10,276
2019-05-11,239
2019-05-12,306
2019-05-13,315
2019-05-14,249
2019-05-15,276
2019-05-16,308
2019-05-17,337
2019-05-18,296
2019-05-19,280
2019-05-20,291
2019-05-21,322
2019-05-22,281
2019-05-23,378
2019-05-24,284
2019-05-25,274
2019-05-26,295
2019-05-27,325
2019-05-28,299
2019-05-29,287
2019-05-30,286
2019-05-31,260
2019-06-01,309
2019-06-02,289
2019-06-03,287
2019-06-04,354
2019-06-05,296
2019-06-06,274
2019-06-07,280
2019-06-08,312
2019-06-09,291
2019-06-10,259
2019-06-11,306
2019-06-12,274
2019-06-13,324
2019-06-14,308
2019-06-15,277
2019-06-16,311
2019-06-17,287
2019-06-18,302
2019-06-19,294
2019-06-20,267
2019-06-21,271
2019-06-22,304
2019-06-23,276
2019-06-24,274
2019-06-25,263
2019-06-26,290
2019-06-27,322
2019-06-28,259
2019-06-29,281
2019-06-30,308
2019-07-01,378
2019-07-02,288
2019-07-03,258
2019-07-04,287
2019-07-05,274
2019-07-06,297
2019-07-07,301
2019-07-08,329
2019-07-09,288
2019-07-10,282
2019-07-11,279
2019-07-12,268
2019-07-13,282
2019-07-14,268
2019-07-15,277
2019-07-16,300
2019-07-17,253
2019-07-18,296
2019-07-19,299
2019-07-20,270
2019-07-21,229
2019-07-22,259
2019-07-23,297
2019-07-24,270
2019-07-25,250
2019-07-26,260
2019-07-27,286
2019-07-28,280
2019-07-29,264
2019-07-30,261
2019-07-31,260
2019-08-01,249
2019-08-02,300
2019-08-03,261
2019-08-04,291
2019-08-05,297
2019-08-06,286
2019-08-07,257
2019-08-08,274
2019-08-09,265
2019-08-10,247
2019-08-11,271
2019-08-12,241
2019-08-13,288
2019-08-14,254
2019-08-15,268
2019-08-16,269
2019-08-17,258
2019-08-18,274
2019-08-19,253
2019-08-20,280
2019-08-21,235
2019-08-22,264
2019-08-23,300
2019-08-24,241
2019-08-25,248
2019-08-26,271
2019-08-27,264
2019-08-28,268
2019-08-29,270
2019-08-30,273
2019-08-31,282
2019-09-01,268
2019-09-02,255
2019-09-03,273
2019-09-04,298
2019-09-05,257
2019-09-06,240
2019-09-07,281
2019-09-08,257
2019-09-09,216
2019-09-10,276
2019-09-11,248
2019-09-12,257
2019-09-13,265
2019-09-14,263
2019-09-15,273
2019-09-16,250
2019-09-17,269
2019-09-18,253
2019-09-19,273
2019-09-20,371
2019-09-21,240
2019-09-22,280
2019-09-23,248
2019-09-24,275
2019-09-25,266
2019-09-26,296
2019-09-27,255
2019-09-28,252
2019-09-29,259
2019-09-30,253
2019-10-01,275
2019-10-02,227
2019-10-03,239
2019-10-04,238
2019-10-05,279
2019-10-06,294
2019-10-07,258
2019-10-08,257
2019-10-09,262
2019-10-10,284
2019-10-11,242
2019-10-12,266
2019-10-13,281
2019-10-14,272
2019-10-15,266
2019-10-16,282
2019-10-17,208
2019-10-18,276
2019-10-19,250
2019-10-20,226
2019-10-21,274
2019-10-22,291
2019-10-23,261
2019-10-24,283
2019-10-25,297
2019-10-26,291
2019-10-27,298
2019-10-28,280
2019-10-29,267
2019-10-30,234
2019-10-31,262
2019-11-01,250
2019-11-02,311
2019-11-03,264
2019-11-04,271
2019-11-05,280
2019-11-06,370
2019-11-07,303
2019-11-08,257
2019-11-09,274
2019-11-10,256
2019-11-11,245
2019-11-12,259
2019-11-13,271
2019-11-14,264
2019-11-15,259
2019-11-16,245
2019-11-17,272
2019-11-18,244
2019-11-19,290
2019-11-20,277
2019-11-21,247
2019-11-22,270
2019-11-23,262
2019-11-24,284
2019-11-25,305
2019-11-26,241
2019-11-27,281
2019-11-28,276
2019-11-29,293
2019-11-30,285
2019-12-01,266
2019-12-02,375
2019-12-03,266
2019-12-04,304
2019-12-05,284
2019-12-06,322
2019-12-07,283
2019-12-08,271
2019-12-09,255
2019-12-10,250
2019-12-11,255
2019-12-12,293
2019-12-13,298
2019-12-14,257
2019-12-15,307
2019-12-16,280
2019-12-17,293
2019-12-18,323
2019-12-19,310
2019-12-20,287
2019-12-21,275
2019-12-22,251
2019-12-23,280
2019-12-24,291
2019-12-25,276
2019-12-26,293
2019-12-27,298
2019-12-28,293
2019-12-29,285
2019-12-30,302
2019-12-31,308
2020-01-01,278
2020-01-02,429
2020-01-03,299
2020-01-04,302
2020-01-05,317
2020-01-06,308
2020-01-07,323
2020-01-08,310
2020-01-09,293
2020-01-10,313
2020-01-11,283
2020-01-12,309
2020-01-13,307
2020-01-14,304
2020-01-15,306
2020-01-16,272
2020-01-17,299
2020-01-18,312
2020-01-19,314
2020-01-20,291
2020-01-21,338
2020-01-22,296
2020-01-23,333
2020-01-24,323
2020-01-25,302
2020-01-26,351
2020-01-27,292
2020-01-28,335
2020-01-29,337
2020-01-30,304
2020-01-31,346
2020-02-01,314
2020-02-02,325
2020-02-03,325
2020-02-04,317
2020-02-05,337
2020-02-06,337
2020-02-07,287
2020-02-08,348
2020-02-09,290
2020-02-10,344
2020-02-11,346
2020-02-12,302
2020-02-13,317
2020-02-14,303
2020-02-15,321
2020-02-16,320
2020-02-17,342
2020-02-18,353
2020-02-19,355
2020-02-20,317
2020-02-21,324
2020-02-22,295
2020-02-23,313
2020-02-24,349
2020-02-25,362
2020-02-26,306
2020-02-27,319
2020-02-28,331
2020-02-29,337
2020-03-01,316
2020-03-02,341
2020-03-03,323
2020-03-04,333
2020-03-05,344
2020-03-06,334
2020-03-07,325
2020-03-08,332
2020-03-09,433
2020-03-10,328
2020-03-11,330
2020-03-12,368
2020-03-13,347
2020-03-14,330
2020-03-15,350
2020-03-16,430
2020-03-17,360
2020-03-18,344
2020-03-19,335
2020-03-20,346
2020-03-21,306
2020-03-22,315
2020-03-23,314
2020-03-24,341
2020-03-25,373
2020-03-26,383
2020-03-27,352
2020-03-28,349
2020-03-29,303
2020-03-30,328
2020-03-31,324
2020-04-01,327
2020-04-02,336
2020-04-03,330
2020-04-04,300
2020-04-05,355
2020-04-06,318
2020-04-07,345
2020-04-08,381
2020-04-09,322
2020-04-10,289
2020-04-11,334
2020-04-12,362
2020-04-13,379
2020-04-14,315
2020-04-15,350
2020-04-16,331
2020-04-17,338
2020-04-18,393
2020-04-19,310
2020-04-20,345
2020-04-21,349
2020-04-22,361
2020-04-23,342
2020-04-24,346
2020-04-25,332
2020-04-26,345
2020-04-27,332
2020-04-28,351
2020-04-29,332
2020-04-30,346
2020-05-01,338
2020-05-02,361
2020-05-03,337
2020-05-04,303
2020-05-05,363
2020-05-06,320
2020-05-07,324
2020-05-08,325
2020-05-09,365
2020-05-10,294
2020-05-11,399
2020-05-12,358
2020-05-13,341
2020-05-14,335
2020-05-15,342
2020-05-16,346
2020-05-17,348
2020-05-18,346
2020-05-19,337
2020-05-20,331
2020-05-21,331
2020-05-22,330
2020-05-23,356
2020-05-24,345
2020-05-25,274
2020-05-26,346
2020-05-27,336
2020-05-28,332
2020-05-29,324
2020-05-30,354
2020-05-31,350
2020-06-01,315
2020-06-02,339
2020-06-03,311
2020-06-04,302
2020-06-05,317
2020-06-06,346
2020-06-07,348
2020-06-08,339
2020-06-09,342
2020-06-10,338
2020-06-11,314
2020-06-12,335
2020-06-13,342
2020-06-14,341
2020-06-15,349
2020-06-16,339
2020-06-17,332
2020-06-18,346
2020-06-19,323
2020-06-20,306
2020-06-21,320
2020-06-22,308
2020-06-23,309
2020-06-24,319
2020-06-25,306
2020-06-26,315
2020-06-27,283
2020-06-28,325
2020-06-29,320
2020-06-30,303
2020-07-01,332
2020-07-02,338
2020-07-03,286
2020-07-04,303
2020-07-05,302
2020-07-06,298
2020-07-07,333
2020-07-08,312
2020-07-09,311
2020-07-10,275
2020-07-11,328
2020-07-12,290
2020-07-13,316
2020-07-14,320
2020-07-15,341
2020-07-16,287
2020-07-17,252
2020-07-18,316
2020-07-19,348
2020-07-20,336
2020-07-21,315
2020-07-22,301
2020-07-23,327
2020-07-24,291
2020-07-25,319
2020-07-26,320
2020-07-27,330
2020-07-28,364
2020-07-29,316
2020-07-30,298
2020-07-31,307
2020-08-01,272
2020-08-02,293
2020-08-03,299
2020-08-04,296
2020-08-05,309
2020-08-06,289
2020-08-07,328
2020-08-08,305
2020-08-09,305
2020-08-10,298
2020-08-11,307
2020-08-12,320
2020-08-13,286
2020-08-14,290
2020-08-15,297
2020-08-16,276
2020-08-17,286
2020-08-18,293
2020-08-19,320
2020-08-20,307
2020-08-21,306
2020-08-22,319
2020-08-23,299
2020-08-24,309
2020-08-25,299
2020-08-26,306
2020-08-27,289
2020-08-28,252
2020-08-29,298
2020-08-30,329
2020-08-31,318
2020-09-01,319
2020-09-02,324
2020-09-03,301
2020-09-04,303
2020-09-05,287
2020-09-06,293
2020-09-07,311
2020-09-08,323
2020-09-09,296
2020-09-10,290
2020-09-11,299
2020-09-12,311
2020-09-13,270
2020-09-14,253
2020-09-15,288
2020-09-16,274
2020-09-17,288
2020-09-18,296
2020-09-19,290
2020-09-20,328
2020-09-21,305
2020-09-22,305
2020-09-23,311
2020-09-24,276
2020-09-25,320
2020-09-26,297
2020-09-27,312
2020-09-28,278
2020-09-29,268
2020-09-30,316
2020-10-01,307
2020-10-02,282
2020-10-03,282
2020-10-04,322
2020-10-05,276
2020-10-06,333
2020-10-07,282
2020-10-08,313
2020-10-09,294
2020-10-10,313
2020-10-11,290
2020-10-12,298
2020-10-13,302
2020-10-14,282
2020-10-15,317
2020-10-16,292
2020-10-17,298
2020-10-18,283
2020-10-19,252
2020-10-20,299
2020-10-21,352
2020-10-22,420
2020-10-23,304
2020-10-24,299
2020-10-25,405
2020-10-26,316
2020-10-27,282
2020-10-28,328
2020-10-29,320
2020-10-30,321
2020-10-31,316
2020-11-01,308
2020-11-02,321
2020-11-03,320
2020-11-04,401
2020-11-05,297
2020-11-06,311
2020-11-07,341
2020-11-08,285
2020-11-09,281
2020-11-10,314
2020-11-11,312
2020-11-12,315
2020-11-13,317
2020-11-14,308
2020-11-15,343
2020-11-16,282
2020-11-17,298
2020-11-18,313
2020-11-19,282
2020-11-20,312
2020-11-21,350
2020-11-22,317
2020-11-23,322
2020-11-24,393
2020-11-25,306
2020-11-26,311
2020-11-27,313
2020-11-28,346
2020-11-29,332
2020-11-30,299
2020-12-01,327
2020-12-02,332
2020-12-03,346
2020-12-04,355
2020-12-05,304
2020-12-06,308
2020-12-07,300
2020-12-08,321
2020-12-09,336
2020-12-10,347
2020-12-11,326
2020-12-12,322
2020-12-13,332
2020-12-14,313
2020-12-15,372
2020-12-16,298
2020-12-17,335
2020-12-18,372
2020-12-19,332
2020-12-20,329
2020-12-21,326
2020-12-22,331
2020-12-23,362
2020-12-24,291
2020-12-25,367
2020-12-26,308
2020-12-27,332
2020-12-28,329
2020-12-29,350
2020-12-30,307
2020-12-31,349
2021-01-01,381
2021-01-02,313
2021-01-03,345
2021-01-04,329
2021-01-05,351
2021-01-06,344
2021-01-07,331
2021-01-08,354
2021-01-09,381
2021-01-10,342
2021-01-11,361
2021-01-12,321
2021-01-13,328
2021-01-14,358
2021-01-15,378
2021-01-16,356
2021-01-17,344
2021-01-18,351
2021-01-19,326
2021-01-20,364
2021-01-21,370
2021-01-22,344
2021-01-23,344
2021-01-24,359
2021-01-25,346
2021-01-26,354
2021-01-27,398
2021-01-28,351
2021-01-29,350
2021-01-30,345
2021-01-31,373
2021-02-01,355
2021-02-02,346
2021-02-03,386
2021-02-04,389
2021-02-05,349
2021-02-06,324
2021-02-07,382
2021-02-08,349
2021-02-09,379
2021-02-10,324
2021-02-11,382
2021-02-12,340
2021-02-13,379
2021-02-14,366
2021-02-15,347
2021-02-16,358
2021-02-17,380
2021-02-18,369
2021-02-19,379
2021-02-20,408
2021-02-21,337
2021-02-22,401
2021-02-23,371
2021-02-24,352
2021-02-25,344
2021-02-26,367
2021-02-27,389
2021-02-28,369
2021-03-01,402
2021-03-02,343
2021-03-03,372
2021-03-04,348
2021-03-05,380
2021-03-06,391
2021-03-07,365
2021-03-08,322
2021-03-09,378
2021-03-10,384
2021-03-11,383
2021-03-12,400
2021-03-13,354
2021-03-14,390
2021-03-15,400
2021-03-16,341
2021-03-17,383
2021-03-18,367
2021-03-19,376
2021-03-20,384
2021-03-21,368
2021-03-22,364
2021-03-23,379
2021-03-24,356
2021-03-25,357
2021-03-26,392
2021-03-27,356
2021-03-28,392
2021-03-29,388
2021-03-30,345
2021-03-31,366
2021-04-01,403
2021-04-02,360
2021-04-03,370
2021-04-04,389
2021-04-05,395
2021-04-06,375
2021-04-07,368
2021-04-08,408
2021-04-09,415
2021-04-10,400
2021-04-11,382
2021-04-12,364
2021-04-13,363
2021-04-14,391
2021-04-15,388
2021-04-16,408
2021-04-17,393
2021-04-18,350
2021-04-19,401
2021-04-20,360
2021-04-21,372
2021-04-22,385
2021-04-23,420
2021-04-24,442
2021-04-25,392
2021-04-26,376
2021-04-27,390
2021-04-28,397
2021-04-29,373
2021-04-30,415
2021-05-01,383
2021-05-02,389
2021-05-03,392
2021-05-04,387
2021-05-05,395
2021-05-06,366
2021-05-07,367
2021-05-08,356
2021-05-09,386
2021-05-10,393
2021-05-11,386
2021-05-12,410
2021-05-13,376
2021-05-14,390
2021-05-15,354
2021-05-16,368
2021-05-17,390
2021-05-18,392
2021-05-19,369
2021-05-20,373
2021-05-21,344
2021-05-22,367
2021-05-23,392
2021-05-24,385
2021-05-25,383
2021-05-26,374
2021-05-27,373
2021-05-28,359
2021-05-29,386
2021-05-30,380
2021-05-31,381
2021-06-01,361
2021-06-02,328
2021-06-03,392
2021-06-04,361
2021-06-05,353
2021-06-06,383
2021-06-07,361
2021-06-08,390
2021-06-09,381
2021-06-10,382
2021-06-11,340
2021-06-12,391
2021-06-13,372
2021-06-14,359
2021-06-15,369
2021-06-16,330
2021-06-17,373
2021-06-18,344
2021-06-19,337
2021-06-20,334
2021-06-21,386
2021-06-22,351
2021-06-23,394
2021-06-24,352
2021-06-25,328
2021-06-26,339
2021-06-27,386
2021-06-28,358
2021-06-29,350
2021-06-30,363
2021-07-01,370
2021-07-02,382
2021-07-03,388
2021-07-04,351
2021-07-05,332
2021-07-06,349
2021-07-07,362
2021-07-08,338
2021-07-09,337
2021-07-10,363
2021-07-11,355
2021-07-12,356
2021-07-13,340
2021-07-14,350
2021-07-15,336
2021-07-16,371
2021-07-17,374
2021-07-18,316
2021-07-19,334
2021-07-20,322
2021-07-21,339
2021-07-22,350
2021-07-23,322
2021-07-24,332
2021-07-25,330
2021-07-26,354
2021-07-27,351
2021-07-28,335
2021-07-29,352
2021-07-30,338
2021-07-31,443
2021-08-01,381
2021-08-02,374
2021-08-03,321
2021-08-04,363
2021-08-05,363
2021-08-06,323
2021-08-07,362
2021-08-08,376
2021-08-09,323
2021-08-10,327
2021-08-11,365
2021-08-12,350
2021-08-13,355
2021-08-14,351
2021-08-15,351
2021-08-16,317
2021-08-17,364
2021-08-18,366
2021-08-19,338
2021-08-20,341
2021-08-21,311
2021-08-22,352
2021-08-23,353
2021-08-24,340
2021-08-25,364
2021-08-26,334
2021-08-27,352
2021-08-28,320
2021-08-29,340
2021-08-30,337
2021-08-31,345
2021-09-01,333
2021-09-02,337
2021-09-03,356
2021-09-04,331
2021-09-05,307
2021-09-06,374
2021-09-07,367
2021-09-08,313
2021-09-09,353
2021-09-10,329
2021-09-11,344
2021-09-12,345
2021-09-13,334
2021-09-14,323
2021-09-15,325
2021-09-16,320
2021-09-17,322
2021-09-18,337
2021-09-19,324
2021-09-20,352
2021-09-21,369
2021-09-22,327
2021-09-23,344
2021-09-24,349
2021-09-25,348
2021-09-26,340
2021-09-27,354
2021-09-28,349
2021-09-29,314
2021-09-30,357
2021-10-01,357
2021-10-02,324
2021-10-03,340
2021-10-04,353
2021-10-05,336
2021-10-06,362
2021-10-07,388
2021-10-08,325
2021-10-09,313
2021-10-10,347
2021-10-11,355
2021-10-12,337
2021-10-13,370
2021-10-14,315
2021-10-15,356
2021-10-16,330
2021-10-17,377
2021-10-18,382
2021-10-19,327
2021-10-20,332
2021-10-21,361
2021-10-22,336
2021-10-23,343
2021-10-24,345
2021-10-25,306
2021-10-26,345
2021-10-27,331
2021-10-28,336
2021-10-29,375
2021-10-30,321
2021-10-31,363
2021-11-01,341
2021-11-02,342
2021-11-03,364
2021-11-04,355
2021-11-05,360
2021-11-06,368
2021-11-07,343
2021-11-08,338
2021-11-09,329
2021-11-10,334
2021-11-11,410
2021-11-12,376
2021-11-13,325
2021-11-14,326
2021-11-15,363
2021-11-16,364
2021-11-17,365
2021-11-18,349
2021-11-19,352
2021-11-20,362
2021-11-21,358
2021-11-22,312
2021-11-23,352
2021-11-24,340
2021-11-25,361
2021-11-26,418
2021-11-27,366
2021-11-28,353
2021-11-29,379
2021-11-30,370
2021-12-01,370
2021-12-02,374
2021-12-03,403
2021-12-04,340
2021-12-05,373
2021-12-06,345
2021-12-07,376
2021-12-08,347
2021-12-09,357
2021-12-10,360
2021-12-11,386
2021-12-12,386
2021-12-13,343
2021-12-14,370
2021-12-15,355
2021-12-16,345
2021-12-17,366
2021-12-18,365
2021-12-19,420
2021-12-20,381
2021-12-21,345
2021-12-22,362
2021-12-23,395
2021-12-24,417
2021-12-25,344
2021-12-26,339
2021-12-27,514
2021-12-28,385
2021-12-29,361
2021-12-30,389
2021-12-31,327
2022-01-01,380
2022-01-02,387
2022-01-03,400
2022-01-04,362
2022-01-05,384
2022-01-06,365
2022-01-07,389
2022-01-08,366
2022-01-09,377
2022-01-10,366
2022-01-11,399
2022-01-12,404
2022-01-13,383
2022-01-14,389
2022-01-15,360
2022-01-16,383
2022-01-17,389
2022-01-18,443
2022-01-19,369
2022-01-20,421
2022-01-21,412
2022-01-22,398
2022-01-23,429
2022-01-24,401
2022-01-25,402
2022-01-26,394
2022-01-27,420
2022-01-28,418
2022-01-29,384
2022-01-30,371
2022-01-31,394
2022-02-01,383
2022-02-02,398
2022-02-03,424
2022-02-04,391
2022-02-05,400
2022-02-06,402
2022-02-07,419
2022-02-08,357
2022-02-09,391
2022-02-10,408
2022-02-11,428
2022-02-12,394
2022-02-13,367
2022-02-14,418
2022-02-15,393
2022-02-16,382
2022-02-17,394
2022-02-18,403
2022-02-19,395
2022-02-20,364
2022-02-21,426
2022-02-22,434
2022-02-23,422
2022-02-24,387
2022-02-25,406
2022-02-26,410
2022-02-27,423
2022-02-28,425
2022-03-01,397
2022-03-02,414
2022-03-03,422
2022-03-04,442
2022-03-05,427
2022-03-06,429
2022-03-07,415
2022-03-08,442
2022-03-09,423
2022-03-10,398
2022-03-11,443
2022-03-12,429
2022-03-13,407
2022-03-14,406
2022-03-15,422
2022-03-16,426
2022-03-17,421
2022-03-18,423
2022-03-19,451
2022-03-20,439
2022-03-21,421
2022-03-22,437
2022-03-23,397
2022-03-24,426
2022-03-25,455
2022-03-26,414
2022-03-27,402
2022-03-28,406
2022-03-29,397
2022-03-30,403
2022-03-31,412
2022-04-01,391
2022-04-02,420
2022-04-03,438
2022-04-04,401
2022-04-05,450
2022-04-06,430
2022-04-07,440
2022-04-08,407
2022-04-09,437
2022-04-10,398
2022-04-11,438
2022-04-12,423
2022-04-13,431
2022-04-14,397
2022-04-15,402
2022-04-16,432
2022-04-17,401
2022-04-18,429
2022-04-19,393
2022-04-20,437
2022-04-21,395
2022-04-22,431
2022-04-23,432
2022-04-24,406
2022-04-25,431
2022-04-26,425
2022-04-27,409
2022-04-28,399
2022-04-29,380
2022-04-30,426
2022-05-01,388
2022-05-02,421
2022-05-03,413
2022-05-04,432
2022-05-05,412
2022-05-06,411
2022-05-07,432
2022-05-08,424
2022-05-09,424
2022-05-10,427
2022-05-11,386
2022-05-12,432
2022-05-13,429
2022-05-14,396
2022-05-15,511
2022-05-16,415
2022-05-17,413
2022-05-18,422
2022-05-19,444
2022-05-20,436
2022-05-21,388
2022-05-22,427
2022-05-23,441
2022-05-24,421
2022-05-25,435
2022-05-26,453
2022-05-27,433
2022-05-28,417
2022-05-29,433
2022-05-30,415
2022-05-31,412
2022-06-01,404
2022-06-02,442
2022-06-03,394
2022-06-04,441
2022-06-05,420
2022-06-06,381
2022-06-07,416
2022-06-08,367
2022-06-09,421
2022-06-10,426
2022-06-11,396
2022-06-12,410
2022-06-13,446
2022-06-14,396
2022-06-15,385
2022-06-16,435
2022-06-17,444
2022-06-18,405
2022-06-19,425
2022-06-20,431
2022-06-21,389
2022-06-22,394
2022-06-23,427
2022-06-24,436
2022-06-25,513
2022-06-26,384
2022-06-27,441
2022-06-28,390
2022-06-29,394
2022-06-30,407
2022-07-01,431
2022-07-02,416
2022-07-03,407
2022-07-04,408
2022-07-05,399
2022-07-06,409
2022-07-07,347
2022-07-08,391
2022-07-09,401
2022-07-10,373
2022-07-11,403
2022-07-12,391
2022-07-13,430
2022-07-14,426
2022-07-15,385
2022-07-16,391
2022-07-17,392
2022-07-18,384
2022-07-19,396
2022-07-20,377
2022-07-21,469
2022-07-22,404
2022-07-23,404
2022-07-24,374
2022-07-25,408
2022-07-26,377
2022-07-27,395
2022-07-28,406
2022-07-29,388
2022-07-30,398
2022-07-31,378
2022-08-01,384
2022-08-02,383
2022-08-03,372
2022-08-04,383
2022-08-05,355
2022-08-06,376
2022-08-07,380
2022-08-08,380
2022-08-09,380
2022-08-10,384
2022-08-11,394
2022-08-12,402
2022-08-13,371
2022-08-14,360
2022-08-15,363
2022-08-16,373
2022-08-17,376
2022-08-18,367
2022-08-19,357
2022-08-20,373
2022-08-21,386
2022-08-22,394
2022-08-23,370
2022-08-24,373
2022-08-25,363
2022-08-26,380
2022-08-27,364
2022-08-28,392
2022-08-29,345
2022-08-30,373
2022-08-31,386
2022-09-01,384
2022-09-02,434
2022-09-03,387
2022-09-04,360
2022-09-05,378
2022-09-06,344
2022-09-07,378
2022-09-08,363
2022-09-09,397
2022-09-10,368
2022-09-11,377
2022-09-12,366
2022-09-13,414
2022-09-14,372
2022-09-15,415
2022-09-16,395
2022-09-17,388
2022-09-18,386
2022-09-19,387
2022-09-20,340
2022-09-21,373
2022-09-22,396
2022-09-23,378
2022-09-24,351
2022-09-25,378
2022-09-26,413
2022-09-27,404
2022-09-28,378
2022-09-29,398
2022-09-30,372
2022-10-01,345
2022-10-02,461
2022-10-03,411
2022-10-04,374
2022-10-05,375
2022-10-06,374
2022-10-07,418
2022-10-08,413
2022-10-09,425
2022-10-10,378
2022-10-11,387
2022-10-12,351
2022-10-13,411
2022-10-14,358
2022-10-15,386
2022-10-16,360
2022-10-17,370
2022-10-18,366
2022-10-19,371
2022-10-20,372
2022-10-21,372
2022-10-22,400
2022-10-23,362
2022-10-24,389
2022-10-25,409
2022-10-26,375
2022-10-27,371
2022-10-28,381
2022-10-29,409
2022-10-30,390
2022-10-31,376
2022-11-01,397
2022-11-02,365
2022-11-03,401
2022-11-04,396
2022-11-05,382
2022-11-06,372
2022-11-07,372
2022-11-08,400
2022-11-09,415
2022-11-10,378
2022-11-11,400
2022-11-12,350
2022-11-13,380
2022-11-14,392
2022-11-15,375
2022-11-16,375
2022-11-17,380
2022-11-18,400
2022-11-19,391
2022-11-20,351
2022-11-21,353
2022-11-22,384
2022-11-23,406
2022-11-24,342
2022-11-25,388
2022-11-26,388
2022-11-27,527
2022-11-28,392
2022-11-29,408
2022-11-30,403
2022-12-01,359
2022-12-02,417
2022-12-03,407
2022-12-04,413
2022-12-05,482
2022-12-06,362
2022-12-07,439
2022-12-08,399
2022-12-09,411
2022-12-10,405
2022-12-11,398
2022-12-12,396
2022-12-13,415
2022-12-14,378
2022-12-15,424
2022-12-16,402
2022-12-17,388
2022-12-18,402
2022-12-19,437
2022-12-20,402
2022-12-21,420
2022-12-22,399
2022-12-23,429
2022-12-24,429
2022-12-25,452
2022-12-26,413
2022-12-27,430
2022-12-28,419
2022-12-29,544
2022-12-30,404
2022-12-31,434
2023-01-01,416
2023-01-02,419
2023-01-03,423
2023-01-04,427
2023-01-05,420
2023-01-06,427
2023-01-07,455
2023-01-08,444
2023-01-09,442
2023-01-10,416
2023-01-11,408
2023-01-12,446
2023-01-13,445
2023-01-14,457
2023-01-15,417
2023-01-16,425
2023-01-17,397
2023-01-18,423
2023-01-19,451
2023-01-20,422
2023-01-21,445
2023-01-22,429
2023-01-23,440
2023-01-24,411
2023-01-25,436
2023-01-26,375
2023-01-27,432
2023-01-28,404
2023-01-29,461
2023-01-30,453
2023-01-31,447
2023-02-01,469
2023-02-02,420
2023-02-03,475
2023-02-04,459
2023-02-05,436
2023-02-06,464
2023-02-07,420
2023-02-08,426
2023-02-09,431
2023-02-10,433
2023-02-11,423
2023-02-12,469
2023-02-13,440
2023-02-14,452
2023-02-15,434
2023-02-16,410
2023-02-17,452
2023-02-18,409
2023-02-19,546
2023-02-20,421
2023-02-21,488
2023-02-22,567
2023-02-23,451
2023-02-24,475
2023-02-25,433
2023-02-26,461
2023-02-27,455
2023-02-28,457
2023-03-01,477
2023-03-02,467
2023-03-03,458
2023-03-04,420
2023-03-05,434
2023-03-06,451
2023-03-07,456
2023-03-08,431
2023-03-09,503
2023-03-10,485
2023-03-11,467
2023-03-12,457
2023-03-13,451
2023-03-14,437
2023-03-15,458
2023-03-16,462
2023-03-17,432
2023-03-18,464
2023-03-19,454
2023-03-20,419
2023-03-21,440
2023-03-22,449
2023-03-23,496
2023-03-24,469
2023-03-25,432
2023-03-26,468
2023-03-27,428
2023-03-28,480
2023-03-29,550
2023-03-30,457
2023-03-31,486
2023-04-01,434
2023-04-02,431
2023-04-03,448
2023-04-04,480
2023-04-05,429
2023-04-06,403
2023-04-07,451
2023-04-08,471
2023-04-09,484
2023-04-10,451
2023-04-11,452
2023-04-12,483
2023-04-13,423
2023-04-14,452
2023-04-15,464
2023-04-16,469
2023-04-17,450
2023-04-18,461
2023-04-19,410
2023-04-20,447
2023-04-21,469
2023-04-22,440
2023-04-23,461
2023-04-24,469
2023-04-25,453
2023-04-26,463
2023-04-27,440
2023-04-28,455
2023-04-29,471
2023-04-30,462
2023-05-01,447
2023-05-02,463
2023-05-03,473
2023-05-04,417
2023-05-05,481
2023-05-06,451
2023-05-07,466
2023-05-08,482
2023-05-09,430
2023-05-10,443
2023-05-11,451
2023-05-12,441
2023-05-13,491
2023-05-14,439
2023-05-15,445
2023-05-16,460
2023-05-17,432
2023-05-18,447
2023-05-19,461
2023-05-20,448
2023-05-21,453
2023-05-22,444
2023-05-23,424
2023-05-24,460
2023-05-25,488
2023-05-26,453
2023-05-27,457
2023-05-28,466
2023-05-29,427
2023-05-30,486
2023-05-31,455
2023-06-01,484
2023-06-02,436
2023-06-03,487
2023-06-04,566
2023-06-05,461
2023-06-06,454
2023-06-07,444
2023-06-08,473
2023-06-09,451
2023-06-10,409
2023-06-11,425
2023-06-12,443
2023-06-13,453
2023-06-14,445
2023-06-15,470
2023-06-16,407
2023-06-17,448
2023-06-18,408
2023-06-19,460
2023-06-20,442
2023-06-21,452
2023-06-22,426
2023-06-23,568
2023-06-24,463
2023-06-25,454
2023-06-26,439
2023-06-27,453
2023-06-28,427
2023-06-29,458
2023-06-30,473
2023-07-01,461
2023-07-02,425
2023-07-03,446
2023-07-04,413
2023-07-05,449
2023-07-06,447
2023-07-07,400
2023-07-08,414
2023-07-09,431
2023-07-10,430
2023-07-11,411
2023-07-12,443
2023-07-13,440
2023-07-14,430
2023-07-15,419
2023-07-16,455
2023-07-17,466
2023-07-18,423
2023-07-19,420
2023-07-20,442
2023-07-21,424
2023-07-22,428
2023-07-23,446
2023-07-24,392
2023-07-25,457
2023-07-26,431
2023-07-27,421
2023-07-28,427
2023-07-29,428
2023-07-30,394
2023-07-31,458
2023-08-01,429
2023-08-02,436
2023-08-03,446
2023-08-04,406
2023-08-05,436
2023-08-06,421
2023-08-07,443
2023-08-08,383
2023-08-09,423
2023-08-10,413
2023-08-11,433
2023-08-12,434
2023-08-13,410
2023-08-14,409
2023-08-15,421
2023-08-16,405
2023-08-17,440
2023-08-18,415
2023-08-19,364
2023-08-20,415
2023-08-21,401
2023-08-22,389
2023-08-23,397
2023-08-24,424
2023-08-25,448
2023-08-26,427
2023-08-27,409
2023-08-28,430
2023-08-29,411
2023-08-30,406
2023-08-31,397
2023-09-01,385
2023-09-02,412
2023-09-03,423
2023-09-04,418
2023-09-05,411
2023-09-06,400
2023-09-07,431
2023-09-08,393
2023-09-09,435
2023-09-10,399
2023-09-11,404
2023-09-12,390
2023-09-13,409
2023-09-14,538
2023-09-15,429
2023-09-16,438
2023-09-17,429
2023-09-18,397
2023-09-19,412
2023-09-20,403
2023-09-21,445
2023-09-22,395
2023-09-23,437
2023-09-24,437
2023-09-25,455
2023-09-26,411
2023-09-27,433
2023-09-28,465
2023-09-29,407
2023-09-30,389
2023-10-01,382
2023-10-02,434
2023-10-03,382
2023-10-04,412
2023-10-05,429
2023-10-06,424
2023-10-07,429
2023-10-08,425
2023-10-09,446
2023-10-10,402
2023-10-11,407
2023-10-12,406
2023-10-13,438
2023-10-14,440
2023-10-15,431
2023-10-16,446
2023-10-17,399
2023-10-18,456
2023-10-19,453
2023-10-20,438
2023-10-21,459
2023-10-22,390
2023-10-23,413
2023-10-24,409
2023-10-25,439
2023-10-26,404
2023-10-27,440
2023-10-28,453
2023-10-29,440
2023-10-30,432
2023-10-31,407
2023-11-01,410
2023-11-02,452
2023-11-03,443
2023-11-04,427
2023-11-05,420
2023-11-06,388
2023-11-07,408
2023-11-08,468
2023-11-09,405
2023-11-10,434
2023-11-11,451
2023-11-12,406
2023-11-13,436
2023-11-14,451
2023-11-15,433
2023-11-16,491
2023-11-17,400
2023-11-18,455
2023-11-19,431
2023-11-20,451
2023-11-21,445
2023-11-22,422
2023-11-23,441
2023-11-24,400
2023-11-25,450
2023-11-26,444
2023-11-27,452
2023-11-28,461
2023-11-29,447
2023-11-30,444
2023-12-01,423
2023-12-02,427
2023-12-03,466
2023-12-04,472
2023-12-05,439
2023-12-06,445
2023-12-07,426
2023-12-08,469
2023-12-09,459
2023-12-10,485
2023-12-11,429
2023-12-12,440
2023-12-13,453
2023-12-14,462
2023-12-15,445
2023-12-16,432
2023-12-17,468
2023-12-18,466
2023-12-19,433
2023-12-20,479
2023-12-21,476
2023-12-22,456
2023-12-23,456
2023-12-24,466
2023-12-25,438
2023-12-26,557
2023-12-27,414
2023-12-28,475
2023-12-29,427
2023-12-30,489
2023-12-31,453
2024-01-01,456
2024-01-02,448
2024-01-03,455
2024-01-04,490
2024-01-05,413
2024-01-06,489
2024-01-07,470
2024-01-08,440
2024-01-09,443
2024-01-10,499
2024-01-11,447
2024-01-12,444
2024-01-13,490
2024-01-14,475
2024-01-15,450
2024-01-16,474
2024-01-17,449
2024-01-18,492
2024-01-19,492
2024-01-20,482
2024-01-21,479
2024-01-22,508
2024-01-23,473
2024-01-24,450
2024-01-25,484
2024-01-26,517
2024-01-27,455
2024-01-28,469
2024-01-29,485
2024-01-30,476
2024-01-31,458
2024-02-01,501
2024-02-02,525
2024-02-03,484
2024-02-04,462
2024-02-05,450
2024-02-06,486
2024-02-07,504
2024-02-08,492
2024-02-09,483
2024-02-10,471
2024-02-11,462
2024-02-12,501
2024-02-13,503
2024-02-14,454
2024-02-15,517
2024-02-16,498
2024-02-17,515
2024-02-18,460
2024-02-19,460
2024-02-20,485
2024-02-21,498
2024-02-22,525
2024-02-23,503
2024-02-24,485
2024-02-25,470
2024-02-26,515
2024-02-27,472
2024-02-28,524
2024-02-29,586
2024-03-01,524
2024-03-02,506
2024-03-03,490
2024-03-04,483
2024-03-05,487
2024-03-06,502
2024-03-07,496
2024-03-08,483
2024-03-09,491
2024-03-10,497
2024-03-11,453
2024-03-12,505
2024-03-13,476
2024-03-14,473
2024-03-15,463
2024-03-16,461
2024-03-17,470
2024-03-18,483
2024-03-19,536
2024-03-20,487
2024-03-21,501
2024-03-22,506
2024-03-23,501
2024-03-24,497
2024-03-25,475
2024-03-26,528
2024-03-27,535
2024-03-28,465
2024-03-29,479
2024-03-30,494
2024-03-31,480
2024-04-01,510
2024-04-02,485
2024-04-03,543
2024-04-04,523
2024-04-05,504
2024-04-06,520
2024-04-07,522
2024-04-08,489
2024-04-09,484
2024-04-10,502
2024-04-11,517
2024-04-12,503
2024-04-13,468
2024-04-14,484
2024-04-15,498
2024-04-16,498
2024-04-17,539
2024-04-18,472
2024-04-19,510
2024-04-20,530
2024-04-21,545
2024-04-22,492
2024-04-23,509
2024-04-24,511
2024-04-25,503
2024-04-26,497
2024-04-27,508
2024-04-28,448
2024-04-29,513
2024-04-30,501
2024-05-01,494
2024-05-02,539
2024-05-03,485
2024-05-04,490
2024-05-05,538
2024-05-06,481
2024-05-07,487
2024-05-08,494
2024-05-09,514
2024-05-10,501
2024-05-11,471
2024-05-12,486
2024-05-13,484
2024-05-14,494
2024-05-15,504
2024-05-16,504
2024-05-17,460
2024-05-18,516
2024-05-19,500
2024-05-20,522
2024-05-21,503
2024-05-22,516
2024-05-23,503
2024-05-24,520
2024-05-25,503
2024-05-26,491
2024-05-27,538
2024-05-28,510
2024-05-29,503
2024-05-30,466
2024-05-31,465
2024-06-01,497
2024-06-02,493
2024-06-03,478
2024-06-04,492
2024-06-05,521
2024-06-06,503
2024-06-07,466
2024-06-08,486
2024-06-09,472
2024-06-10,480
2024-06-11,479
2024-06-12,477
2024-06-13,461
2024-06-14,483
2024-06-15,474
2024-06-16,427
2024-06-17,526
2024-06-18,506
2024-06-19,476
2024-06-20,484
2024-06-21,460
2024-06-22,517
2024-06-23,520
2024-06-24,485
2024-06-25,502
2024-06-26,485
2024-06-27,454
2024-06-28,472
2024-06-29,483
2024-06-30,470
2024-07-01,475
2024-07-02,477
2024-07-03,477
2024-07-04,479
2024-07-05,456
2024-07-06,463
2024-07-07,451
2024-07-08,496
2024-07-09,534
2024-07-10,499
2024-07-11,503
2024-07-12,469
2024-07-13,422
2024-07-14,467
2024-07-15,472
2024-07-16,453
2024-07-17,462
2024-07-18,503
2024-07-19,485
2024-07-20,453
2024-07-21,439
2024-07-22,464
2024-07-23,466
2024-07-24,480
2024-07-25,459
2024-07-26,480
2024-07-27,508
2024-07-28,485
2024-07-29,467
2024-07-30,464
2024-07-31,461
2024-08-01,491
2024-08-02,454
2024-08-03,468
2024-08-04,467
2024-08-05,456
2024-08-06,438
2024-08-07,472
2024-08-08,464
2024-08-09,475
2024-08-10,454
2024-08-11,489
2024-08-12,446
2024-08-13,498
2024-08-14,428
2024-08-15,472
2024-08-16,472
2024-08-17,447
2024-08-18,471
2024-08-19,488
2024-08-20,418
2024-08-21,472
2024-08-22,412
2024-08-23,442
2024-08-24,494
2024-08-25,449
2024-08-26,437
2024-08-27,457
2024-08-28,502
2024-08-29,424
2024-08-30,439
2024-08-31,490
2024-09-01,497
2024-09-02,458
2024-09-03,435
2024-09-04,501
2024-09-05,491
2024-09-06,473
2024-09-07,443
2024-09-08,458
2024-09-09,456
2024-09-10,465
2024-09-11,488
2024-09-12,476
2024-09-13,437
2024-09-14,486
2024-09-15,465
2024-09-16,472
2024-09-17,488
2024-09-18,436
2024-09-19,458
2024-09-20,448
2024-09-21,427
2024-09-22,466
2024-09-23,509
2024-09-24,422
2024-09-25,458
2024-09-26,472
2024-09-27,461
2024-09-28,457
2024-09-29,533
2024-09-30,464
2024-10-01,444
2024-10-02,416
2024-10-03,484
2024-10-04,479
2024-10-05,461
2024-10-06,465
2024-10-07,482
2024-10-08,465
2024-10-09,479
2024-10-10,455
2024-10-11,487
2024-10-12,468
2024-10-13,465
2024-10-14,436
2024-10-15,468
2024-10-16,446
2024-10-17,450
2024-10-18,446
2024-10-19,442
2024-10-20,506
2024-10-21,490
2024-10-22,502
2024-10-23,440
2024-10-24,466
2024-10-25,439
2024-10-26,451
2024-10-27,447
2024-10-28,491
2024-10-29,458
2024-10-30,488
2024-10-31,479
2024-11-01,513
2024-11-02,438
2024-11-03,493
2024-11-04,491
2024-11-05,449
2024-11-06,489
2024-11-07,476
2024-11-08,466
2024-11-09,454
2024-11-10,457
2024-11-11,512
2024-11-12,472
2024-11-13,488
2024-11-14,457
2024-11-15,458
2024-11-16,495
2024-11-17,447
2024-11-18,466
2024-11-19,476
2024-11-20,478
2024-11-21,473
2024-11-22,485
2024-11-23,491
2024-11-24,493
2024-11-25,459
2024-11-26,473
2024-11-27,503
2024-11-28,498
2024-11-29,453
2024-11-30,488
2024-12-01,442
2024-12-02,483
2024-12-03,521
2024-12-04,464
2024-12-05,467
2024-12-06,500
2024-12-07,454
2024-12-08,473
2024-12-09,498
2024-12-10,474
2024-12-11,483
2024-12-12,603
2024-12-13,497
2024-12-14,495
2024-12-15,483
2024-12-16,498
2024-12-17,489
2024-12-18,501
2024-12-19,482
2024-12-20,489
2024-12-21,474
2024-12-22,493
2024-12-23,479
2024-12-24,473
2024-12-25,501
2024-12-26,501
2024-12-27,513
2024-12-28,489
2024-12-29,507
2024-12-30,510
2024-12-31,509
2025-01-01,484
